{
	"timestamp": 1777385790.8048322,
	"quality_signal": 0.638428573956976,
	"coupling_score": 0.3902439024390244,
	"cycle_count": 0,
	"god_file_count": 1,
	"hotspot_count": 1,
	"complex_fn_count": 44,
	"max_depth": 5,
	"total_import_edges": 123,
	"cross_module_edges": 80
}
