{
	"timestamp": 1777493630.3605006,
	"quality_signal": 0.6562440623213822,
	"coupling_score": 0.4066666666666667,
	"cycle_count": 0,
	"god_file_count": 1,
	"hotspot_count": 1,
	"complex_fn_count": 14,
	"max_depth": 5,
	"total_import_edges": 150,
	"cross_module_edges": 83
}
