{
	"timestamp": 1777458891.9831626,
	"quality_signal": 0.6675924429646375,
	"coupling_score": 0.3902439024390244,
	"cycle_count": 0,
	"god_file_count": 1,
	"hotspot_count": 1,
	"complex_fn_count": 14,
	"max_depth": 5,
	"total_import_edges": 123,
	"cross_module_edges": 80
}
